"","logFC","AveExpr","t","P.Value","adj.P.Val","B"
"SAOUHSC_T00026",1.28924375455799,11.2699306916228,3.28517609417981,0.00156797334788056,0.0350180714359992,-1.85256728115879
"SAOUHSC_T00034",1.8123004243896,10.607123851638,4.22090428927957,6.9171932837977e-05,0.00231725975007223,1.15849106252504
"SAOUHSC_T00048",2.97403701252947,11.3848337901738,7.1475272618156,5.56302770495975e-10,3.72722856232303e-08,12.4903463620321
